William Paston I,John Stanford
William Paston I,To An Unidentified Lawyer In Rome: Draft
William Paston I,Probably To Master John Urry: Draft
William Paston I,"To William Worstede, John Longham, And  Piers Shelton"
William Paston I,Memorandum To Arbitrators
William Paston I,To The Vicar Of The Abbot Of Cluny: Draft
William Paston I,Recipe
William Paston I,To An Unidentified Lord: Draft
William Paston I,To John Berney
William Paston I,To Philip Berney: Copy
William Paston I,Inventory
William Paston I,Testament And Last Will (Extracts)
Agnes Paston,To William Paston I
Agnes Paston,To Edmond Paston I
Agnes Paston,Indenture Of Lease
Agnes Paston,Indenture Of Lease
Agnes Paston,Indenture Of Lease
Agnes Paston,To John Paston I
Agnes Paston,To John Paston I
Agnes Paston,To John Paston I
Agnes Paston,To John Paston I
Agnes Paston,To John Paston I
Agnes Paston,To John Paston I
Agnes Paston,To John Paston I
Agnes Paston,To John Paston I
Agnes Paston,To John Paston I
Agnes Paston,Draft Indenture Of Marriage Settlement
Agnes Paston,Memorandum Of 'Errands'
Agnes Paston,John Paston I
Agnes Paston,To John Paston I
Agnes Paston,Draft Will
Agnes Paston,Part Of Draft Will
Agnes Paston,Part Of Draft Will
Agnes Paston,Extract From Will  Not After
John Paston I,To John Damme: Copy  After
John Paston I,Petition To Henry Vi  Before
John Paston I,To An Unidentified Person In London: Draft
John Paston I,Petition To The Chancellor
John Paston I,To James Gresham: Copy
John Paston I,Petition To The Lords: Draft
John Paston I,Petition To The Chancellor
John Paston I,Probably To The Sheriff Of Norfolk: Drafts
John Paston I,No recipient information
John Paston I,No recipient information
John Paston I,No recipient information
John Paston I,Probably To The Sheriff Of Norfolk: Draft
John Paston I,Probably To The Sheriff Of Norfolk: Draft
John Paston I,To Richard Southwell: Draft
John Paston I,Memorandum  Late
John Paston I,To John Norwode  Not Before
John Paston I,Petition: Draft
John Paston I,To The Earl Of Oxford
John Paston I,To Lord Grey: Draft
John Paston I,To The Duke Of Norfolk: Draft
John Paston I,To James Gloys: Draft
John Paston I,To Sir John Fastolf From Paston And Thomas  Howys
John Paston I,Nuncupative Will Of Sir John Fastolf
John Paston I,To Margaret Paston
John Paston I,To Margaret Paston
John Paston I,Petition To Henry Vi: Draft
John Paston I,To Margaret Paston
John Paston I,To Margaret Paston
John Paston I,Petition To The Chancellor: Drafts
John Paston I,Statement Of Fastolf'S Intention: Draft  After
John Paston I,Perhaps To Thomas Howes: Draft
John Paston I,Perhaps To The Sheriff Of Norfolk: Draft
John Paston I,Inventory And Indenture: Draft
John Paston I,Petition To The Duke Of Norfolk: Draft
John Paston I,"To John Pampyng, Richard Calle, And John  Wykes"
John Paston I,Petition To Robert Welles And Others: Draft
John Paston I,Inventory: Draft  Probably
John Paston I,Memorandum
John Paston I,Petition To Edward Iv
John Paston I,No recipient information
John Paston I,No recipient information
John Paston I,To Margaret Paston
John Paston I,"To Margaret Paston, John Daubeney, And  Richard Calle"
John Paston I,"To Margaret Paston, John Daubeney, And  Richard Calle"
John Paston I,To Margaret Paston
John Paston I,"To Margaret Paston, James Gresham, And  Richard Calle"
John Paston I,To Margaret Paston
John Paston I,To Margaret Paston
John Paston I,Draft Message From The King To Sir William  Yelverton
Edmond Paston ,To John Paston I
Edmond Paston ,Nuncupative Will: Draft
William Paston I,To John Paston I
William Paston I,Memorandum On French Grammar
William Paston I,To John Paston I
William Paston I,To John Paston I
William Paston I,To Margaret Paston
William Paston I,To John Paston I
William Paston I,Inventory
William Paston I,To John Paston I
William Paston I,To John Paston I
William Paston I,To John Paston I
William Paston I,To John Paston I
William Paston I,To John Paston Ii
William Paston I,To Margaret Paston
William Paston I,Indenture Pledging Plate
William Paston I,Indenture Pledging Plate
William Paston I,To John Paston Ii
William Paston I,Part Of Draft Deed
William Paston I,Memorandum On Rent Collection
William Paston I,Memorandum On The Benefice Of Oxnead
William Paston I,To Nicholas Goldewell: Draft
William Paston I,To William Pope: Draft
William Paston I,Memorandum On Marlingford Manor
William Paston I,Memorandum To Richard Lee
William Paston I,Indenture Depositing Plate
William Paston I,To Thomas Lynsted: Draft
William Paston I,To Harry Waryns: Draft
William Paston I,To Robert Walsche: Draft
William Paston I,To Richard Roos
William Paston I,To Richard Roos
William Paston I,Memoranda On Knapton
William Paston I,To John Kyng
William Paston I,Memorandum To The Duchess Of Norfolk
William Paston I,Will
Clement Paston,To John Paston I
Clement Paston,To John Paston I
Clement Paston,To John Paston I
Clement Paston,To John Paston
Clement Paston,To John Paston I
Clement Paston,To John Paston I
Clement Paston,To John Paston I
"Elizabeth Poynings or Browne, née Paston",To Agnes Paston
"Elizabeth Poynings or Browne, née Paston",To John Paston Ii
"Elizabeth Poynings or Browne, née Paston",Copy Of Writ To Sir Robert Fynys
"Elizabeth Poynings or Browne, née Paston",Will
Margaret Paston,To John Paston I
Margaret Paston,To John Paston I
Margaret Paston,To John Paston I
Margaret Paston,To John Paston I
Margaret Paston,To John Paston I
Margaret Paston,To John Paston I
Margaret Paston,To John Paston I
Margaret Paston,To John Paston I
Margaret Paston,To John Paston I
Margaret Paston,To John Paston I
Margaret Paston,To John Paston I
Margaret Paston,To John Paston I
Margaret Paston,To John Paston I
Margaret Paston,To John Paston I
Margaret Paston,To John Paston I
Margaret Paston,To John Paston I
Margaret Paston,To John Paston I
Margaret Paston,To John Paston I
Margaret Paston,To John Paston I
Margaret Paston,To John Paston I
Margaret Paston,To John Paston I
Margaret Paston,To John Paston I
Margaret Paston,To John Paston I
Margaret Paston,To John Paston I
Margaret Paston,To John Paston I
Margaret Paston,To John Paston I
Margaret Paston,To John Pastoni
Margaret Paston,To John Paston I
Margaret Paston,To John Paston I  About
Margaret Paston,To John Paston I
Margaret Paston,To John Paston I
Margaret Paston,To John Paston I
Margaret Paston,To John Paston I
Margaret Paston,To John Paston I
Margaret Paston,To John Paston I
Margaret Paston,To John Paston I
Margaret Paston,To John Paston I
Margaret Paston,To John Paston I
Margaret Paston,To John Paston I
Margaret Paston,To John Paston I
Margaret Paston,To John Paston I
Margaret Paston,To John Paston I
Margaret Paston,To John Paston I
Margaret Paston,To John Paston I
Margaret Paston,To John Paston I
Margaret Paston,To John Paston I
Margaret Paston,To John Paston I
Margaret Paston,To John Paston I
Margaret Paston,To John Paston I
Margaret Paston,To John Paston I
Margaret Paston,To John Paston I
Margaret Paston,To John Paston Ii
Margaret Paston,To John Paston I
Margaret Paston,To John Paston I
Margaret Paston,To John Paston I
Margaret Paston,To John Paston I
Margaret Paston,To John Paston I
Margaret Paston,To John Paston I
Margaret Paston,To John Paston I
Margaret Paston,To John Paston I
Margaret Paston,To John Paston I
Margaret Paston,To John Paston I
Margaret Paston,To John Paston Iii
Margaret Paston,To John Paston Ii
Margaret Paston,To John Paston I
Margaret Paston,To John Paston I
Margaret Paston,To John Paston I
Margaret Paston,To John Paston I  Probably
Margaret Paston,To John Paston I
Margaret Paston,To John Paston I
Margaret Paston,To John Paston I
Margaret Paston,Inventory Of Goods Stolen  Soon After
Margaret Paston,To John Paston I
Margaret Paston,Perhaps To John Berney: Draft
Margaret Paston,To John Paston Ii
Margaret Paston,To John Paston Ii
Margaret Paston,To John Paston Ii
Margaret Paston,To John Paston Ii
Margaret Paston,To John Paston Ii
Margaret Paston,To John Paston Ii
Margaret Paston,To John Paston Ii
Margaret Paston,To John Pastonii
Margaret Paston,To John Paston Iii
Margaret Paston,To John Paston Ii
Margaret Paston,To John Paston Ii
Margaret Paston,To John Paston Iii
Margaret Paston,No recipient information
Margaret Paston,No recipient information
Margaret Paston,No recipient information
Margaret Paston,No recipient information
Margaret Paston,To John Paston Ii  Perhaps
Margaret Paston,To John Paston Ii
Margaret Paston,To John Paston Iii
Margaret Paston,To John Paston Iii
Margaret Paston,To John Paston Ii
Margaret Paston,To John Paston Iii
Margaret Paston,To John Paston Ii
Margaret Paston,To John Paston Iii
Margaret Paston,To John Paston Iii
Margaret Paston,To John Paston Ii
Margaret Paston,Probably To James Gloys: Draft
Margaret Paston,To John Paston Ii
Margaret Paston,To John Paston Iii
Margaret Paston,To John Paston Iii
Margaret Paston,To John Paston Ii
Margaret Paston,To John Paston Ii
Margaret Paston,To Dame Elizabeth Brews
Margaret Paston,To John Paston Ii: Draft
Margaret Paston,To John Paston Ii: Draft
Margaret Paston,Indenture Of Lease
Margaret Paston,Copy Of Will
John Paston II,To John Paston I
John Paston II,To John Paston I
John Paston II,To John Paston I
John Paston II,To John Paston I
John Paston II,To John Paston I
John Paston II,To John Paston Iii
John Paston II,Indenture Of Wager
John Paston II,To John Paston Iii
John Paston II,To John Paston Iii
John Paston II,To John Paston Iii
John Paston II,To Walter Writtle
John Paston II,To Walter Writtle: Draft Or Copy
John Paston II,To Margaret Paston
John Paston II,To John Paston Iii
John Paston II,To Margaret Paston
John Paston II,Indenture Of Sale (With Provision For  Redemption)
John Paston II,"To Roger Townshend, For Another"
John Paston II,To John Paston Iii
John Paston II,To The Bishop Of Winchester: Draft
John Paston II,Indenture Pledging Plate
John Paston II,Indenture Pledging Plate
John Paston II,Indenture Of Agreement On Fastolf Estate
John Paston II,Indenture Of Release And Quitclaim Of  Fastolf Manors
John Paston II,Indenture Of Agreement Concerning Fastolf  Manors
John Paston II,To Lord Beauchamp: Draft
John Paston II,To John Paston Iii
John Paston II,Indenture Pledging Plate
John Paston II,To John Paston Iii
John Paston II,Inventory
John Paston II,Declaration Concerning The Fastolf Estate
John Paston II,To Margaret Paston
John Paston II,Schedule To Release Of Lands
John Paston II,To John Paston Iii
John Paston II,To John Paston Iii
John Paston II,Inventory Of Papers  After
John Paston II,To Margaret Paston
John Paston II,To John Paston Iii
John Paston II,To John Paston Iii
John Paston II,To John Paston Iii
John Paston II,To John Paston Iii
John Paston II,To Margaret Paston Or John Paston Iii
John Paston II,To John Paston Iii
John Paston II,To John Paston Iii
John Paston II,To John Paston Iii
John Paston II,To John Paston Iii
John Paston II,To John Paston Iii
John Paston II,To John Paston Iii
John Paston II,To Edmond Paston Ii
John Paston II,To Margaret Paston
John Paston II,To John Paston Iii : Draft  Late
John Paston II,To John Paston Iii
John Paston II,To John Paston Iii
John Paston II,To John Paston Iii
John Paston II,To Margaret Paston
John Paston II,To Margaret Paston
John Paston II,To Margaret Paston
John Paston II,To John Paston Iii
John Paston II,To John Paston Iii
John Paston II,To John Paston Iii
John Paston II,To John Paston Iii Or Others
John Paston II,To Margaret Paston
John Paston II,To Edmond Paston Ii
John Paston II,To Margaret Paston
John Paston II,Petition To Edward Iv
John Paston II,To Margaret Paston
John Paston II,To John Paston Iii
John Paston II,To John Paston Iii Or Margaret Paston
John Paston II,To Margaret Paston Or John Paston Iii
John Paston II,To Margaret Paston Or John Paston Iii
John Paston II,To John Paston Iii
John Paston II,To Margaret Paston
John Paston II,To John Paston Iii
John Paston II,To John Paston Iii
John Paston II,To Margaret Paston
John Paston II,To John Paston Iii
John Paston II,To John Paston Iii
John Paston II,Tojohn Paston Iii
John Paston II,To Margaret Paston
John Paston II,Copy Of Will
John Paston II,To John Paston Iii And Osbern Berney
John Paston II,To Margaret Paston
John Paston II,To John Paston Iii
John Paston II,To Margaret Paston
John Paston II,Memoranda
John Paston II,To Margaret Paston
John Paston II,Inventory Of Books  Not After
John Paston III,Perhaps To Thomas Playter: Draft
John Paston III,To John Paston I
John Paston III,To John Paston
John Paston III,To John Paston Ii
John Paston III,To John Paston I
John Paston III,To John Paston I
John Paston III,To Margaret Paston
John Paston III,To John Paston I
John Paston III,To John Paston Ii
John Paston III,To John Paston Ii
John Paston III,To John Paston Ii
John Paston III,To Margaret Paston  Perhaps
John Paston III,To John Paston Ii  Probably
John Paston III,To Margaret Paston
John Paston III,To John Paston Ii
John Paston III,To John Paston Ii
John Paston III,John Paston Ii
John Paston III,To John Paston Ii
John Paston III,To John Paston Ii
John Paston III,To John Paston Ii
John Paston III,To John Paston Ii
John Paston III,To John Paston Ii
John Paston III,To John Paston Ii
John Paston III,To John Paston Ii
John Paston III,To John Paston Ii
John Paston III,To John Paston Ii
John Paston III,To John Paston Ii
John Paston III,Declaration Concerning The Fastolf Estate
John Paston III,To Margaret Paston
John Paston III,To Margaret Paston
John Paston III,To Margaret Paston
John Paston III,To Margaret Paston
John Paston III,To Margaret Paston
John Paston III,To John Paston Ii
John Paston III,Verses: Draft  Date Uncertain; Probably  After
John Paston III,To John Paston Ii
John Paston III,To John Paston Ii
John Paston III,To John Paston Ii
John Paston III,Letter In The Name Of James Arblaster To The  Bailiff Of Maldon
John Paston III,To John Paston Ii
John Paston III,To John Paston Ii
John Paston III,To John Paston Ii
John Paston III,To John Paston Ii
John Paston III,To The Duke Of Norfolk: Copy  Late
John Paston III,To John Paston Ii
John Paston III,To John Paston Ii
John Paston III,To 'Mistress Annes'
John Paston III,To John Paston Ii
John Paston III,To Margaret Paston
John Paston III,To John Paston Ii
John Paston III,To John Paston Ii
John Paston III,To Margaret Paston
John Paston III,To John Paston Ii
John Paston III,To John Paston Ii
John Paston III,To Lord Hastings
John Paston III,To Margaret Paston
John Paston III,To John Paston Ii
John Paston III,To An Unknown Lady: Draft
John Paston III,To Margaret Paston
John Paston III,To John Paston Ii
John Paston III,Memorandum Of Marriage Terms: Draft
John Paston III,Memorandum On Marriage Negotiations
John Paston III,To Margaret Paston
John Paston III,To John Paston Ii
John Paston III,To Margaret Paston
John Paston III,To John Paston Ii
John Paston III,Account
John Paston III,To Margaret Paston
John Paston III,To Margaret Paston
John Paston III,Memorandum Of Complaints Against William  Paston Ii: Draft  After
John Paston III,To Margaret Paston
John Paston III,Bill Of Complaint Against William Paston Ii:  Draft
John Paston III,Draft Letter From Elizabeth Browne
John Paston III,To Margery Paston
John Paston III,To Lord Fitzwalter: Draft
John Paston III,To Richard Croft
John Paston III,"To William Paston Iii And Richard Lightfoote  
Probably"
John Paston III,"To An Unknown Knight: Draft   
After"
Edmond Paston II,To John Paston Iii
Edmond Paston II,To John Paston Iii
Edmond Paston II,Indenture For Military Service
Edmond Paston II,To John Paston Iii
Edmond Paston II,To William Paston Iii  Perhaps After
Edmond Paston II,To Margaret Paston
Edmond Paston II,To John Paston Iii
Edmond Paston II,Claim For Allowances: Draft
Walter Paston,To Margaret Paston
Walter Paston,To John Paston Ii
Walter Paston,To John Paston Iii
Walter Paston,Copy Of Will
William Paston III,To John Paston Iii
William Paston III,To John Paston Iii
William Paston III,To Edmond Paston Ii
William Paston III,To John Paston Iii
William Paston III,To The Bailiff Of Mautby
William Paston III,To John Paston Iii
William Paston III,"To John Paston Iii, Sending Copy Of A Letter  From Henry Vii To The Earl Of Oxford"
William Paston III,To John Paston Iii
William Paston III,To John Paston Iii
Margery Paston,To John Paston Iii
Margery Paston,To John Paston Iii
Margery Paston,To John Paston Iii
Margery Paston,To John Paston Iii
Margery Paston,To John Paston Iii
Margery Paston,To John Paston Iii
William Paston IV,To John Paston Iii  Perhaps About
